"code","country","region_noHICgroup","obs","CAT","1-BETA","MIX","C1P1","C2P1","C3P1","C4P1","C5P1","C1P2","C2P2","C3P2","C4P2","C5P2","C1P3","C2P3","C3P3","C4P3","C5P3","C1P4","C2P4","C3P4","C4P4","C5P4","C1P5","C2P5","C3P5","C4P5","C5P5","index","group"
"KOR","South Korea","East Asia & Pacific",2042,0.88657248,0.81434134,0.8965072,0,0.0004859053476614,0.000879460485950476,0.00594714365071024,0.00299018234053212,0,0.000460758790353914,0.00487457777507741,0.0383927991266234,0.055798095222632,0,0.00016936400032256,0.00179244067350736,0.0610631563331061,0.124603543739466,0,0,0.00811184479788544,0.0757761658040704,0.37958623217889,0,0,0.00113301491028362,0.0160492044134936,0.221886120676223,0,"Part 1"
"TWN","Taiwan-China","East Asia & Pacific",605,0.90799242,0.65937996,0.91628116,0,0,0.00500937578911396,0,0.00184715521088604,0,0.00175817085070839,0.016892371047179,0.0566452892561133,0.0914068976790802,0,0.00128365721207867,0.0227367959822704,0.0696596929934763,0.16312068843459,0,0,0.00276796244107494,0.0439376535515538,0.310741450798865,0,0,0,0.0112345674207406,0.200958263640224,0.00048364784767484,"Part 1"
"MDV","Maldives","South Asia",424,0.86077881,0.8975096,0.85769522,0.030672442836266,0,0.36188165637954,0.051438646528236,0.285760465202256,0.000876740399287382,0,0.00819147418064689,0.00144565782999732,0.00481460874335322,0.00046791325281173,0.0008767403957114,0.0603787994841009,0.0248227881647306,0.0637488482517601,0.0027625519502824,0,0.0315985356490738,0.00770001418700136,0.0346393104437437,0,0,0.00192270018189683,0.00504833385133254,0.0209517747433882,0.0184963401126764,"Part 1"
"THA","Thailand","East Asia & Pacific",2603,0.85132319,0.64403549,0.8561883,0.013298684311877,0.0622765542361536,0.130052556394211,0.121899446128577,0.078404071622418,0.00179101394590074,0.030452848981962,0.0659260350630552,0.0776420289651402,0.0593203351601322,0.00123412103910738,0.00439819434601362,0.0228054545844222,0.0444131422545012,0.0417762666296838,0,0.00503894416120116,0.015152113596728,0.0385720426382716,0.07837821864381,0,0.0007241502184924,0.0005120293646496,0.0098321242367271,0.096099598216321,0.0280840755295421,"Part 1"
"MYS","Malaysia","East Asia & Pacific",7311,0.81607735,0.70722613,0.83347535,0.00230118106120524,0.00505099576877199,0.00861452562176355,0.0556487382840348,0.037558666862394,0.00040124139634375,0.0074723583285822,0.0171126374897017,0.105693772105206,0.058752341059031,0,0.00123237272480112,0.0109438577813611,0.0890520669185616,0.0744291471423696,0,0.00217128688520868,0.0058353073179453,0.123646123896509,0.231412142989532,0,0,9.816672518908e-05,0.0124227251587106,0.150150350068155,0.0421261064692695,"Part 1"
"CPV","Cabo Verde","Sub-Saharan Africa",890,0.73329896,0.6249792,0.73329896,0.1717823073597,0.129825471749662,0.302381575005325,0.14564525836622,0.0621614664488493,0.00447081061599088,0.0225260079411496,0.0113489806841231,0.020118647771959,0.0132404777038267,0.00404092488410381,0.0091995530357376,0.0391195934616499,0.0197747400513715,0.0187430132032819,0,0.0014616112282713,0.00171954256723902,0.0123807066788419,0.0100593245768901,0,0,0,0,0,0.0789144020152358,"Part 1"
"TLS","Timor-Leste","East Asia & Pacific",2203,0.61883467,0.42376471,0.6178326,0.340335279763011,0.166159553439525,0.117323048644308,0.196282403378566,0.0734728194131506,0.0109100925090151,0.00401248651607149,0.00948379734984083,0.0218881325235163,0.00788319302257723,0.00141759772744153,0.00273976937428164,0.00101628500527608,0.0113889673474379,0.0068882246159154,0.0015259978056433,0.000130921907528044,0.00513929389973608,0.0121701460515866,0.00519499645631272,8.9753004436482e-05,4.7293754445954e-05,0,0.00263247686585586,0.00186745044017934,0.0869554947368628,"Part 1"
"IRN","Iran","Middle East & North Africa",8131,0.80370659,0.65862417,0.81242365,0.00991614381143375,0.042239285018523,0.079833316038298,0,0.047235700651134,0.00478104560022432,0.0393811499914392,0.177668429090797,0,0.137649521788182,0.0012476636412537,0.00735338322607284,0.109086761118746,0,0.218655448314151,0,0,0,0,0,0.000943682445576,0.0006764803733064,0.0141900283630704,0,0.109141964444722,0.130239071378038,"Part 1"
"BRA","Brazil","Latin America & Caribbean",6081,0.78932136,0.64090744,0.79178441,0.0327101538975173,0.0940233470328944,0.0664415182285833,0.12666097256627,0.0259900389663872,0.007267558778343,0.032786972115327,0.048925014881724,0.148449925910335,0.044806475491911,0.00105033910249495,0.00721786905559376,0.0082093793360445,0.0420375523506726,0.0216621746741303,0.00218949165216212,0.00509691496125972,0.0126132085725729,0.0798357667760116,0.0890200987930156,0,0.0007456322906716,0.0018873549061268,0.016604954296052,0.083767260773264,0.135614779160439,"Part 1"
"EGY","Egypt","Middle East & North Africa",9810,0.70614994,0.60647357,0.71677732,0.168307008159804,0.0671575103551472,0.0357109441094365,0.280581882794356,0.0661138764348696,0.0097783540054662,0.00771760149165656,0.00465734010698174,0.0490692305232758,0.0235054197886049,0.0025332783941187,0.00347583531957476,0.00391394099238578,0.0280695471540098,0.0139084901779328,0.00188254679093695,0.00292346687217915,0.00353366586900355,0.0625006547981285,0.0718103158124025,0.000390452863493086,0.000488986260203429,0.000274578136399916,0.015502312234915,0.0761927522979505,0.158680944434997,"Part 1"
"BWA","Botswana","Sub-Saharan Africa",342,0.75470608,0.73202437,0.72777981,0.0333043814197458,0.0107896692811358,0.271562727394748,0.0105552167738554,0.0315112040410951,0.00517777494566142,0,0.180318061832996,0.00888204932779373,0.0239179471679861,0,0,0.158422171944442,0.0123769179165543,0.0728655755093746,0,0,0.0108863711160287,0,0.0165389648839713,0,0,0.059086813827426,0.0053426568055905,0.0884615070736188,0.164494519217166,"Part 1"
"PRT","Portugal","Europe & Central Asia",726,0.76947838,0.51726484,0.76624382,0.00341973196983104,0.0067705257124656,0.00511013471089664,0.0013145512578929,0,0,0.110919129511236,0.173998764816876,0.180703899391062,0.123906412176108,0,2.879665071244e-05,0.0419551198955589,0.0513237493864904,0.0770343027045025,0,0.00517946407901004,0.0174179948195283,0.0283862155479489,0.0718239945710514,0,0.0025030325405888,0.0037138580667232,0.02023284185472,0.074257467034432,0.16466289805716,"Part 1"
"CAN","Canada","North America",3305,0.68861598,0.74045289,0.76168388,0,0,0,0,0,0,0,0.00396308364604141,0.00804943239454002,0.0129540854587506,0,0,0.00299596908005993,0.0140965019562394,0.0218509648858138,0,0,0.0126768581479868,0.0919392207242163,0.177066599578277,0,0,0.0082963273281784,0.122407739935516,0.523703259280379,0.173032447960898,"Part 1"
"MUS","Mauritius","Sub-Saharan Africa",1092,0.58440924,0.88149264,0.60206717,0.0231722674096327,0,0.101886357121235,0.0143150718657611,0.0169536139160257,0,0,0,0,0,0.0197729492039508,0,0.330506842761602,0.128058760903967,0.243871738574901,0,0,0.00847412097532256,0.00470784525097582,0.0386043299808468,0,0,0.00470784502380458,0.00659098352105918,0.0583772792706424,0.180763043793011,"Part 1"
"GRC","Greece","Europe & Central Asia",218,0.686665,0.6840426,0.70262265,0,0,0,0,0,0,0.0142543127273587,0.0379552720105692,0.167315945498942,0.0412000407136032,0,0.00407234150898229,0.020494085596838,0.114228776738878,0.0414102827313971,0,0,0.00606693846216118,0.208948724716198,0.154165197929183,0,0,0,0.0435409136876784,0.146347176312322,0.186271197426177,"Part 1"
"CYP","Cyprus","Europe & Central Asia",400,0.73763514,0.79608254,0.74626011,0.00755175114605952,0.00559822486971177,0.00434051757544905,0.00407051630804169,0.00267922158554259,0,0,0.0238337473656996,0.0729984355089532,0.0887083589807526,0,0.0059628451565244,0.0130500754051692,0.063412350967092,0.05652633069444,0,0.0184581982458317,0.0283369744579955,0.142112030413826,0.283628533497847,0,0.0036202082001516,0.0040871654856063,0.030560631205572,0.140463897074721,0.187185495169804,"Part 1"
"LBN","Lebanon","Middle East & North Africa",671,0.74459505,0.59116033,0.7756204,0.052486487942046,0.0138599330495665,0.104228341748274,0.0103201553730851,0.0791211913669962,0.00965394523585334,0.00194492555232342,0.00755513149533434,0.0164507835946495,0.0167569073312862,0.0125100884553307,0.0101581965880123,0.0894996523595447,0.0306766008393207,0.1707111467409,0,0,0.00932969692016888,0.0194411078456096,0.148037006648684,0,0,0.0102634280835846,0.00909207923367876,0.177903208008722,0.187971807173953,"Part 1"
"FRA","France","Europe & Central Asia",804,0.62012404,0.73470876,0.66761816,0.000418223910870748,0.00446888578389779,0.00559527261176295,0.0103241693552497,0.0108705792748645,0,0.00800693628392151,0.00876843733330383,0.0849241993429206,0.0413255178980046,0,0.00073347230194608,0.00531842839658629,0.0294044312395523,0.03157837412895,0,0.00807628598250098,0.0090672176276243,0.236560670586886,0.210529417873062,0,0,0.006957913499941,0.057242695103545,0.229828896689045,0.18869724998829,"Part 1"
"ESP","Spain","Europe & Central Asia",1028,0.76435113,0.68335876,0.77303791,0.00597833338829529,0.0185042107224942,0.045316782955213,0.021812798573643,0.0217130622071759,0.0017907931733283,0.0239666417889422,0.092905013602541,0.0657832644030214,0.0902838653837896,0.00098121751845744,0.00790344274536132,0.0792723690515922,0.0398721166559706,0.100970036776609,0,0.00447518588774796,0.0227499069274631,0.037125283726223,0.100450412469761,0,0.0011120272610815,0.0147465336052073,0.026860377334175,0.17542631070881,0.194918200767309,"Part 1"
"IRL","Ireland","Europe & Central Asia",1459,0.71907651,0.64523309,0.75814217,0.00675884101083235,0.00309811921837022,0.00653824774187805,0.0096990689893537,0.0084071685915888,0.00177148124329683,0.0106805325049551,0.0286358042086808,0.0503012371920736,0.0231753169131523,0,0.0014144378326569,0.041975936308143,0.0786461853786086,0.0810004194654066,0,0.00050942104415533,0.0137757986053327,0.124870136311342,0.226932428547853,0,0.00052388816496024,0.0103917533825205,0.0291855866572561,0.241708161795263,0.201023209362554,"Part 1"
"TUR","Turkey","Europe & Central Asia",735,0.70813215,0.42425019,0.71441311,0.0210401196109154,0.0435552649230293,0.0128126448599969,0.00612892166131295,0.00456904750421547,0.00805315413963045,0.118567788855707,0.0717332430938095,0.272765253982711,0.095660711628483,0.0009941073973465,0.00726185865316575,0.0169649993033125,0.0599666928579275,0.04557159139597,0,0.00447349010025288,0.00465574762764044,0.102589944687435,0.077738297395214,0,0,0,0.00098566730522328,0.0239114346947767,0.201069144425898,"Part 1"
"CHL","Chile","Latin America & Caribbean",12708,0.68946028,0.62463471,0.72003865,0.00512987306592791,0.00632911433776281,0.0310996769659984,0.0453226759084091,0.0154337515815734,0.00252224358225301,0.00356126607283832,0.0289074626499197,0.0543352074527108,0.0177785077788703,0.00177007959587427,0.00542920340770091,0.050441992577678,0.140852291125245,0.0686205648961865,0.00062840237080023,0.00126352026972873,0.0311284567989884,0.152111718715156,0.155222072526035,0,0,0.00646246965807443,0.0195121296042673,0.15613733091977,0.214749140840925,"Part 1"
"ISR","Israel","Middle East & North Africa",1486,0.60545146,0.80023041,0.61079788,0.00439558511024689,0.00839360259683172,0.00900082839698568,0.0377942891741222,0.0104535937607522,0,0.00662031552606507,0.0113506581548821,0.0545727627588163,0.0174119669095721,0,0,0.00455800998419228,0.0587071751167318,0.0223484585875075,0,0.00243770687344275,0.0112470517422545,0.196209843624577,0.115957644827055,0,0.00092124429085425,0.00266235732478595,0.160149997172243,0.264806922641306,0.219821372979803,"Part 1"
"HTI","Haiti","Latin America & Caribbean",444,0.63213509,0.41456193,0.63186705,0.23604909442202,0.0488336321321192,0.268216418354183,0.0198207089717166,0.0524162086266832,0.0184928240065856,0.017208299017966,0.0665459806926488,0.0210347750492208,0.0186716812335788,0.00641720543938011,0.0172950181714111,0.0565136836791063,0.0409855619860905,0.0789251211242852,0,0.0015717815516368,0.0059456703884694,0.00185361827439108,0.00548497563694226,0,0,0.00201079661334601,0.00477496445120447,0.0109320124669827,0.235133195688191,"Part 1"
"YEM","Yemen","Middle East & North Africa",2774,0.67557317,0.69961673,0.67115188,0.178945496047332,0.0605665471225565,0.164915759656185,0.134488639832934,0.101008909661889,0.0131794083866891,0.00503136133606527,0.0260605311966711,0.0258038607518729,0.0175208902922582,0.0129708983035856,0.00908309984222466,0.0225705547844392,0.0323517318945954,0.0251398530307162,0.00519725277947869,0.00261341250629137,0.0160570451008213,0.0345039048222869,0.0371684602178813,0.000376587925883994,0.00179130731493255,0.00505768857047961,0.0214700723473258,0.0461266961881803,0.239717570007933,"Part 1"
"JPN","Japan","East Asia & Pacific",380,0.54768533,0.71357185,0.62959707,0,0,0,0,0,0,0,0,0,0,0,0,0.00234160026243998,0.0256352620539557,0.0105176507229562,0,0,0.0150792426385176,0.221248123381116,0.252839444742036,0,0,0,0.131734000351257,0.340604723818904,0.245792542168117,"Part 1"
"COL","Colombia","Latin America & Caribbean",8478,0.72436488,0.53208384,0.73742723,0.05652510242202,0.087355145778495,0.022233936476973,0.08794859371746,0.03374071815141,0.0112024602619147,0.0510606234323086,0.0172595976820733,0.112477949946333,0.0782656251639086,0.00223328038928106,0.0144763971955302,0.00927844273745088,0.0533675052035244,0.0466237953560694,0.0026297982531456,0.0102336314754319,0.00868999328530659,0.0726591932835492,0.0887863946175618,0.0002668308058532,0.0028830217587852,0.0015418178273724,0.018892154297486,0.109367974778696,0.245921204634851,"Part 1"
"JOR","Jordan","Middle East & North Africa",4045,0.69478053,0.7544513,0.70231688,0.0207801666810736,0.00010443713728419,0.0982019713360875,0.0547913442786726,0.0320917748922456,0.00871664544690121,0,0.104263496744854,0.0539245718491377,0.0384989173969328,0.00395324930523492,0.00027675186653124,0.0802037505183804,0.0585108446480712,0.0506882405636568,0.00202473615416202,0.00012749743424977,0.0746484963572738,0.0729335131254197,0.109112785116965,0.00017034648023157,0,0.0177579116136648,0.0160900682627175,0.102128479150541,0.251726158387841,"Part 1"
"BLR","Belarus","Europe & Central Asia",458,0.433842,0.68276411,0.56803203,0,0,0,0.005451349977209,0.0030752297669936,0,0,0,0.00545135031012276,0.0139779306898772,0,0,0,0.0315760515451501,0.00893445867016521,0,0.00080056842231438,0.0058301138875086,0.303943007575483,0.169523571554986,0,0.00053391514910811,0.00307523014751337,0.117785152626349,0.330042073882775,0.253104747845293,"Part 1"
"SWE","Sweden","Europe & Central Asia",769,0.58806908,0.6445215,0.66286582,0.00756516039433864,0.00124082484194545,0.0040713787962986,0.00433512430063988,0.000902547684892464,0,0,0.00169137379722328,0.0134869336649338,0.0067276391293035,0,0.00124082490128178,0.00995012254271611,0.0481230216324652,0.0225034715144497,0,0.00206747645133372,0.00423555023398239,0.169524708127972,0.174703939743623,0,0.00203534873435221,0.00561961785746871,0.134895403469937,0.3850795515461,0.254820213834998,"Part 1"
"PRY","Paraguay","Latin America & Caribbean",2108,0.59421015,0.59376276,0.58748132,0.262793153003891,0.0801462593978788,0.0741352805399458,0.247245732279615,0.0322049147786702,0.00439750378316094,0.0177477669233436,0.0326270738051292,0.0475247156331666,0.0080016013993809,0.00110771789731872,0.00135434732071848,0.00640236915248736,0.0200787401904038,0.003846248619336,0.00666779103279689,0.00285686837840661,0.0117563237291673,0.0803738525444565,0.0332699768787441,0.000394803193510024,0.000738734832985968,0.000369367416492984,0.0155580736773207,0.00840076918523128,0.257230703682666,"Part 1"
"ITA","Italy","Europe & Central Asia",332,0.5697161,0.66891029,0.60276604,0,0,0.004012328,0,0,0,0,0.0251274024599269,0.0279130370320504,0.0202325485080227,0,0,0.0822469074439204,0.18743934740479,0.0555473753942808,0,0,0.0264062852938915,0.238035463568336,0.138759980331369,0,0,0,0.050545305492225,0.143733994507775,0.258445574111625,"Part 1"
"VNM","Vietnam","East Asia & Pacific",617,0.70278013,0.52572361,0.72142321,0.0101508031480476,0.0277746256132964,0.0156783672034631,0.0261109285449164,0.00932922049027665,0.006662381516329,0.0313891450935678,0.0420382707359461,0.044776539399361,0.0584375532547961,0,0.0205302353491654,0.0415858493980266,0.0948646436979578,0.085217887195275,0,0.0130012869330995,0.0335057850116,0.0949929307505728,0.191199839966326,0,0.0009372247562073,0.0016449318845388,0.024176192148207,0.125995351669308,0.259784864299913,"Part 1"
"MAR","Morocco","Middle East & North Africa",3804,0.61149389,0.50726336,0.61203462,0.219468903533768,0.181860874661303,0.12100207072088,0.0466306561011084,0.0581186050162382,0.0440872789176204,0.0692078803824892,0.0657158052895388,0.0287543460534484,0.0409565693569032,0.00268315396546187,0.00782223589063684,0.013873357045596,0.0105868774090326,0.0218171978943132,0.000475138596920797,0.00153291744300274,0.00706815670118946,0.013246839433377,0.0218218994876843,0,0.0008305523110256,0.0038459271086917,0.00382304807909805,0.0147697270357995,0.26040735828461,"Part 1"
"MEX","Mexico","Latin America & Caribbean",7928,0.71451175,0.59613109,0.72160441,0.0337679066542788,0.0658197012958596,0.0694472993601804,0.02918364669675,0.0278250859929312,0.0113864843699095,0.0511537109205174,0.120266760849222,0.0680816953330324,0.040667761821521,0.010104324433056,0.0209946192226416,0.080486282339856,0.086307058121904,0.079120512281376,0.000735768432508752,0.00644664874941785,0.0151006673539874,0.0161176106675543,0.0296980671585069,2.26285572335e-05,0.0002365664126713,0.00808680192359718,0.0237555822568284,0.10518679824119,0.270824895144591,"Part 1"
"NLD","Netherlands","Europe & Central Asia",727,0.72556674,0.75430785,0.70149225,0.00205882398501516,0.000692519309901546,0.00794457712169898,0,0.0016445260893426,0,0.0040751941500821,0.008962565488064,0.0158277988243967,0.0057028518831413,0,0.00859373041572228,0.0586542829639584,0.157265867925173,0.127504297287074,0,0,0.023008763843394,0.0641931171335204,0.0990184846096964,0,0.00109010981015336,0.0200188013386094,0.116814947323914,0.276928727378798,0.271299637898072,"Part 1"
"POL","Poland","Europe & Central Asia",1143,0.60316956,0.65303984,0.64474845,0,0,0.001011866,0,0,0,0.00098415649785726,0.00271940578221312,0.0094199423056011,0.00246861788209218,0,0,0.130365256703752,0.185790029935073,0.0879507333611744,0,0,0.0307842220116297,0.16186424809816,0.203105794533117,0,0,0.00330037876979262,0.0279532787349672,0.152282084881205,0.274730923732494,"Part 1"
"NOR","Norway","Europe & Central Asia",809,0.55219644,0.67378753,0.65764076,0.0022955439188106,0.0015156278234627,0.0021032551925884,0.0011458308035412,0.0022929074486604,0,0,0.0043778958648348,0.001758964914234,0.0088543796706684,0,0,0.018825357504672,0.03882900164922,0.0445555998240084,0.00194590056552606,0,0.0219221934098112,0.149520378241298,0.134420345628703,0,0,0.0267143681350532,0.121135478264937,0.417786978306567,0.27564278271819,"Part 1"
"LTU","Lithuania","Europe & Central Asia",796,0.48084447,0.70277783,0.6109705,0,0,0,0.001834076,0,0,0,0.00170647628148327,0.00757932598276671,0.00240304038508473,0,0,0.00962539827159795,0.0225504270542375,0.0311605090408012,0,0,0.0260105415488857,0.258849049241461,0.205519628526859,0,0,0.0107942744030628,0.0837502698436755,0.338216995366984,0.276231811129133,"Part 1"
"UKR","Ukraine","Europe & Central Asia",590,0.53073907,0.62080458,0.72358298,0,0,0,0.001419755,0,0,0,0,0.0020848167914382,0.00053421618237147,0,0,0.0177573977119865,0.0232947968418104,0.00874410245027712,0,0.001856664245992,0.0191865742895405,0.15072924535472,0.178282621360574,0,0.00104433014112729,0.00732732992296653,0.0785154829377072,0.509222656268222,0.277043510438052,"Part 1"
"TUN","Tunisia","Middle East & North Africa",1844,0.63877928,0.59697333,0.64421058,0.151893833614271,0.1484922083368,0.0708390209033676,0.0654173697973224,0.0819312073482396,0.0501567694724624,0.0644744154719136,0.0518119593190763,0.0420887310073207,0.058232434729227,0.00490877761944358,0.00482956035586968,0.00498049515042802,0.00862483070102684,0.0142169741732319,0.00587216393128365,0.0141360029007155,0.014784081704602,0.023119665207863,0.058105038227824,0.000256408483209942,0.00182190696918462,0.00169487487722503,0.0128604802931749,0.0444507879654014,0.281452002378639,"Part 1"
"NZL","New Zealand","East Asia & Pacific",116,0.66666669,0.80501461,0.66379309,0,0,0,0,0,0,0,0,0.0086206895,0.0086206895,0,0,0.0517241375198939,0.0689655196816976,0.103448275039788,0,0,0.051724138125,0.0689655175,0.155172414375,0,0,0.0258620685997537,0.137931038325123,0.318965502592365,0.283162045790799,"Part 1"
"DJI","Djibouti","Middle East & North Africa",3035,0.43825081,0.52743632,0.4379977,0.4727534152264,0.133228815196763,0.093976325536788,0.0706176501663955,0.0689583805899302,0.0373585219277954,0.0268625601417632,0.0179428097170576,0.0155233917786036,0.0187669364347802,0.00169387526463078,0.00229467475381375,0.00413758582615994,0.00349384385533568,0.00491091979598682,0.00110665626811831,0.000780799741158043,0.00300737483596649,0.00415969885416213,0.00490721899343655,0.0040091713767768,0.0020926775994917,0.00074145473914945,0.00100383025310561,0.00567140084221695,0.284643355616932,"Part 1"
"DNK","Denmark","Europe & Central Asia",519,0.61642492,0.79910807,0.67081547,0,0,0.00723697650327082,0,0.00201799249672918,0,0.00220146341381424,0.00220146341381424,0.0162323915025559,0.0252063959533836,0,0,0.0119608104806674,0.0208155823334549,0.0405887299195289,0,0.00524517194793374,0.0289407262355054,0.128052526208473,0.169185524887958,0,0.00260659230594844,0.0356395383481734,0.114537680117071,0.387330409228807,0.286277165835503,"Part 1"
"SVN","Slovenia","Europe & Central Asia",689,0.54148453,0.63561943,0.56329745,0,0.0039357348880212,0,0.0020784051119788,0,0,0.00252523538281622,0.00390995148848786,0.00306551522370294,0,0,0,0.0127321637752776,0.0742499966126568,0.0224163207060504,0,0,0.0125246520465814,0.300585838400227,0.278130642560496,0,0,0.00698595846058374,0.101348682168855,0.175510908169773,0.286651507270059,"Part 1"
"BOL","Bolivia","Latin America & Caribbean",1566,0.67290777,0.56158319,0.71115279,0.049700336604672,0.0251742745768476,0.0424383699995484,0.0345383195108988,0.0318386774711334,0.0493136247704676,0.0392829570505488,0.0756581742334188,0.079858642959084,0.0874014476167776,0.00561198235586656,0.0096025212121268,0.019833915801269,0.0435828686564144,0.0492979740211914,0.00222914034830336,0.00521605901952674,0.0305054276764584,0.0589870438102746,0.0862486682295052,0,0.00085261633128372,0.00080105416389374,0.0169105283640975,0.155115379577609,0.287218134959678,"Part 1"
"FIN","Finland","Europe & Central Asia",1025,0.5063405,0.75540155,0.57402515,0,0,0,0.0033951239841402,0.0030328558230204,0.00103611209568412,0,0.00510278791418162,0.0310053444792065,0.0156990641370017,0,0,0.00441141513864992,0.0285242666391701,0.0198077454858972,0.00103611216189339,0.00127915713191718,0.0324538754228828,0.226558538720597,0.167060888276264,0,0,0.0129240642869404,0.146275599892171,0.300397062714839,0.288298895538747,"Part 1"
"USA","United States","North America",3660,0.43073601,0.67153147,0.57829297,0,0.000227874719029464,0.00102791112017868,0.00751846665762846,0.0045213566494151,0,0.000562495065101268,0.00277558438154712,0.0148540749233843,0.00750901519539301,0,0.00126080754978119,0.00321555153732078,0.0168607564367607,0.00932684758003992,0,0.00255404051348665,0.0308706734771851,0.232387900625943,0.140319025230095,0,1.7560954265e-05,0.00807167088809668,0.142766317335047,0.373352073323462,0.289470929467422,"Part 1"
"VEN","Venezuela","Latin America & Caribbean",1922,0.66187531,0.67465192,0.65093744,0.027056950099942,0.039827482598516,0.0368782587404895,0.056750144693287,0.0245977138677655,0.0108172000775424,0.0336272764268536,0.08063416305538,0.1623779370233,0.055746826848958,0.00149572499151936,0.00298974933445376,0.0256781495827584,0.057876385361504,0.0156201514553856,0.00200864363961612,0.00680102450441928,0.029261221572282,0.169377638923555,0.0747773471267396,0.000489567117518596,0,0.00369780510402389,0.0357616184416703,0.0458510472805876,0.289983605089268,"Part 1"
"BEL","Belgium","Europe & Central Asia",870,0.59108514,0.68838915,0.65594888,0.0085485087112267,0.00981077949052412,0.0194293492019499,0.0199040017915993,0.00479387855475391,0,0.00424912046244021,0.0242433775342801,0.0456632623446882,0.00864546365220621,0,0.0018852365651896,0.0285968448110506,0.04687948851663,0.0329370123131014,0,0.00529501515110766,0.0311896357570651,0.172034791781332,0.151668292988243,0.00169996689933642,0.00308721999876444,0.0142712864278231,0.0731934681809463,0.291973983498193,0.292032572694285,"Part 1"
"PER","Peru","Latin America & Caribbean",2334,0.64221412,0.60511985,0.64189523,0.0524780155699488,0.100448548074826,0.0368488173487949,0.162120610424947,0.0171750522721939,0.0122452087180709,0.0365903323116264,0.0180518833419286,0.113972689691359,0.0159958100709893,0.00159991896024511,0.00995936791026438,0.00808237809252594,0.0506584648077296,0.0147270251682572,0.0029430397144296,0.0138856733615693,0.0073880097347304,0.187805462818622,0.0676848465388512,0,0.000190909000339356,0.00206958879658164,0.0228668450671996,0.0442114865226559,0.302176582057266,"Part 1"
"IDN","Indonesia","East Asia & Pacific",7078,0.68346483,0.59462428,0.6877023,0.0334719725453379,0.0759922835456862,0.0586946387078667,0.043531038543447,0.00928193466891537,0.0269379866207164,0.102504491923604,0.13234723301389,0.153644971306367,0.0365766226710606,0.00490459937274165,0.0113546093478179,0.0304172041993911,0.0610872171255583,0.0250147595561559,0.00180960132401344,0.0063690723034144,0.0165673137447168,0.0623054123267584,0.0443412384616,0.000180347994793764,0.000194463782519634,0.00168303000228851,0.0135975979817329,0.047190326484516,0.30239348074535,"Part 2"
"KHM","Cambodia","East Asia & Pacific",872,0.62185323,0.45318782,0.6198343,0.189184396064001,0.203328293945999,0.0749935640653785,0.0441422410116181,0.0533166994327243,0.0378887439475908,0.0701166569392575,0.0543004736896644,0.0268503092424633,0.0653454236360079,0.0124866968254872,0.0240856586188944,0.0141763648661976,0.0247057150311084,0.033630725749164,0.00146998847280675,0.00370624379521275,0.0050024101086795,0.013948745484615,0.0312398618064825,0.00333712437815946,0,0.00333712437815946,0.00142552015668544,0.0079810091191572,0.302875301930122,"Part 2"
"KAZ","Kazakhstan","Europe & Central Asia",445,0.42140383,0.66672665,0.53834617,0,0,0,0.006287931,0,0,0,0,0.008371585,0,0,0,0.0227814943175224,0.0274708385023518,0.0166524881801258,0,0,0.00795495275878128,0.30889652591684,0.188579038291795,0,0,0.00091782662501943,0.121103039284998,0.290984237068896,0.31503412095804,"Part 2"
"ZAF","South Africa","Sub-Saharan Africa",4113,0.69722623,0.79510166,0.67301941,0.027883260390408,0.034716072676728,0.149193117097569,0.105653381324351,0.0185236168310963,0.00526476369257254,0.011064963502591,0.0763379875748002,0.0816526042494928,0.0186891040686942,0.00626406670721404,0.0084113705015806,0.0777566117424396,0.0938756327882596,0.025038042910112,0.000734532392133,0.0081080511256935,0.039435026040495,0.0931422899643075,0.036647354750985,0,0.00131308469195571,0.00969013196795072,0.0379124393851757,0.0326925184859707,0.317057114644374,"Part 2"
"RUS","Russia","Europe & Central Asia",1166,0.48421735,0.59271768,0.67575276,0.000828002,0,0,0,0,0,0.00370250722073925,0.00140833117149615,0.00309572614927125,0.0054668205952272,0,0,0.0174124673424195,0.0434123962854696,0.0156020878435719,0,0,0.0184162566659982,0.0978731845600472,0.060787382315491,0,0.00085818200164956,0.0147924370789644,0.170364193245852,0.545980077437396,0.3178172039596,"Part 2"
"KGZ","Kyrgyzstan","Europe & Central Asia",561,0.396281,0.63970107,0.44673198,0.00415182907362531,0.00234068553498308,0.003600618204624,0.0144252640405547,0.00256532460663616,0,0.000999686910200927,0.00660238830419097,0.0116535638309051,0.00656518746410726,0,0.00481784908245015,0.0137140381508406,0.0536366894163979,0.0195787452677845,0,0,0.0197309749495998,0.433727424570923,0.192227311754591,0,0.00257945964757479,0,0.0735467513719614,0.13353620296405,0.321421120866814,"Part 2"
"AUS","Australia","East Asia & Pacific",2843,0.66272563,0.7686318,0.63302606,0,0,0.00037677084515081,0.00126161215928737,0.00033548999556182,0,0.00240148530254538,0.000606157605732246,0.00655032312019458,0.00673157192265918,0,0.00750984033732104,0.0285995027042048,0.0962271694776224,0.0595912117032616,0,0.0037240668106056,0.0105177898510542,0.060955108158918,0.051749235052476,0,0.00576777879498588,0.0331991435690447,0.214299235771096,0.409596519099302,0.328242876863127,"Part 2"
"MNG","Mongolia","East Asia & Pacific",540,0.64109594,0.75461243,0.65337944,0.00367809239548425,0.00150809728577513,0.00448051524518104,0.0342506064657288,0.0209215610991248,0.00937823766390144,0.0279916465225524,0.0199672780717084,0.113098660640698,0.0465281403555996,0.00157004163975416,0.014726396618664,0.0209208138173192,0.0707537933323152,0.0360288793439448,0.0035373486999186,0.00684149950645875,0.0164351026443037,0.176518600641879,0.155469316713431,0,0,0.0111149104168171,0.05390785832864,0.150372590608357,0.33011789120033,"Part 2"
"GMB","Gambia","Sub-Saharan Africa",12586,0.36300567,0.49079609,0.36928231,0.558142582450703,0.0684682714641661,0.0961058020597103,0.116083969829623,0.0465135557048826,0.0059995062713868,0.00166215061425893,0.00320411430844365,0.0029248640976519,0.0028665499581165,0.0024698837282525,0.00117940903945424,0.0022654670213168,0.00384029714510589,0.0009692299586277,0.00568527732751446,0.00433549794306213,0.0103226398117163,0.0179493748992067,0.00665240856904845,0.00169764826391344,0.00124325541526244,0.00301459909432852,0.014750399274779,0.0216532379517166,0.330516141996695,"Part 2"
"GTM","Guatemala","Latin America & Caribbean",7053,0.48650506,0.29238713,0.49391422,0.383968123650719,0.176936562236853,0.0936129179609676,0.0580835854186581,0.0209396056731884,0.0179803826438965,0.0332821455163764,0.0343207467122222,0.0314616038601787,0.0152074299448031,0.00205038624652802,0.00430523664486417,0.0203463250557525,0.00978171235481947,0.0125604122075951,0.00095528277296445,0.00294485644233774,0.0147343392655336,0.017183117697362,0.0186833191488076,4.070127372222e-05,0.00104721965418993,0.00392743313781561,0.00332026568875302,0.0223263209388998,0.335178626169462,"Part 2"
"GEO","Georgia","Europe & Central Asia",351,0.46885598,0.55052722,0.56634438,0,0,0,0,0,0,0.0025509592095748,0.00374917366105135,0.0027726762831986,0.00372920559013495,0,0,0.0160792888192695,0.098354718402912,0.0237236455409715,0,0,0.0229114887887517,0.261614099204337,0.135274849143519,0,0,0.0222268434128933,0.108272957546054,0.298740089168535,0.335830955364181,"Part 2"
"ARG","Argentina","Latin America & Caribbean",1945,0.58756822,0.63541195,0.57467353,0.0143170518378954,0.0440346790110888,0.029624319480624,0.0368562028820868,0.00998012692311738,0.0102472981580231,0.0566186911171664,0.089942269177024,0.175426865044373,0.019814766503413,0,0.00509362977282709,0.0165367050325945,0.0534068203991064,0.0117835927567457,0.00197266357862988,0.0102096354016122,0.0337572684272256,0.235990835419742,0.0772530492707544,0,0,0.00377887411844546,0.0368037904617903,0.0265508517554318,0.341201151519574,"Part 2"
"CHE","Switzerland","Europe & Central Asia",774,0.44550741,0.65765476,0.53577828,0,0.0024350572318967,0.00395937277079902,0.00292528231236986,0.00130141357872316,0,0.00827506942479308,0.0165356571767458,0.0240867517665846,0.0118885902397371,0,0.00260620957046482,0.0284758427047863,0.0475510947616409,0.0196258097665901,0,0.00120438677181312,0.0372491911000205,0.284948618629517,0.161150142880742,0.00118695353880357,0,0.0074593201886955,0.0928161547697331,0.24431909078354,0.343551640227954,"Part 2"
"LVA","Latvia","Europe & Central Asia",284,0.51449978,0.61270741,0.56341195,0,0,0,0,0,0,0,0,0.00678514595227388,0.0105974980477261,0,0.0060518837906628,0.019845991137176,0.084110641141416,0.059683883421668,0,0.00298202518692384,0.0450735247228588,0.214550529471575,0.144559494462272,0,0,0.00463836009240252,0.143445729714428,0.257675340742915,0.3479343010421,"Part 2"
"GBR","United Kingdom","Europe & Central Asia",761,0.63062257,0.82090648,0.67379522,0,0,0,0,0.003059056,0,0.0712905059704062,0.0281493724208662,0.0553774695327167,0.0852049844762342,0,0.0143866586582099,0.0258258670590603,0.0308953672381682,0.0581495157519875,0,0.00836987085918232,0.0202771259796871,0.0743375716517424,0.105349915259409,0,0.00818986639437952,0.0206634986621427,0.0828638072888832,0.307609544299981,0.350051183262794,"Part 2"
"ECU","Ecuador","Latin America & Caribbean",13457,0.59564036,0.50667447,0.61894113,0.025777524793184,0.04461241632176,0.0147291846945472,0.0160343880983744,0.00854440466606144,0.0374989178889949,0.143999240605381,0.0947319485203264,0.124301263149437,0.0776636516644496,0.00127698080452241,0.00196261964126806,0.00636006867986502,0.0124765165040105,0.0209902610593972,0.0051184158304788,0.0139385312794584,0.035790253022772,0.07537474301463,0.097206253668666,0.0007815495204153,0.00171546065014688,0.00534063745819422,0.0261239438005,0.107650788570744,0.350472961877193,"Part 2"
"DEU","Germany","Europe & Central Asia",1346,0.37578085,0.72740427,0.45645592,0.000694896762707658,0.00284765984459236,0.00376430466661788,0.00234472398478822,0.00410267261750556,0.000742602143324613,0,0.00071845257522714,0.00975691106627562,0.00249517511918064,0,0,0.0094439106083925,0.0151096955655339,0.0071822835087147,0,0.00432591425749314,0.0376486569504752,0.320621211873686,0.176511955301023,0,0,0.00943790143737216,0.160628972013082,0.231622096993459,0.356642601427185,"Part 2"
"SDN","Sudan","Sub-Saharan Africa",1077,0.37337354,0.29114854,0.40089202,0.469755621292072,0.0739611573885635,0.13167562338615,0.0081907015191509,0.0672593306463732,0.00612364966611398,0.000328858281747268,0.00161247857131452,0,0.00080623928565726,0.03156875409205,0.0246420400835,0.0488712568358,0.000630242039455,0.05119270867515,0,0.00365890674110084,0,0,0.0132117290901928,0.00311183777862314,0.00166872663528296,0.00937832428264411,0,0.0523518192345997,0.35784156056486,"Part 2"
"AUT","Austria","Europe & Central Asia",955,0.41028851,0.51783037,0.51004541,0,0.002511888,0,0,0,0,0.00849000974775619,0.00241039077502207,0.010908460759969,0.00280909013575789,0,0,0.0283830740403054,0.0584936084468682,0.0204242542937982,0.00378462695974173,0,0.0341561245044507,0.381513992880844,0.219929872867271,0,0,0.00424258325837948,0.0293841874536078,0.192557817478536,0.359214349150958,"Part 2"
"HRV","Croatia","Europe & Central Asia",363,0.54430705,0.54967469,0.56844401,0,0.00222310216342131,0.00467306883657869,0,0,0,0.0162541398080776,0.0455495020959949,0.0237761310013661,0.00337014458241285,0,0.008816745298905,0.04885670368475,0.12380792568535,0.05278361760025,0,0.00270735541725132,0.033607717040696,0.262018321553261,0.188467429883198,0,0,0.0113151276797882,0.0479798736640776,0.123793077374518,0.361191189272014,"Part 2"
"MKD","Macedonia","Europe & Central Asia",470,0.56510943,0.47624367,0.59598082,0.00356739546252172,0.0187419346214229,0.00471978926306134,0.00564311236191836,0.00521138985932994,0.00565564152617464,0.092886810253567,0.00565268609799102,0.106508837046467,0.0326813648324152,0.00196577935125263,0.0448567950318394,0.0118690162904981,0.052499780389377,0.0382009989370329,0,0.00903408293141788,0.014321974092516,0.201503415052695,0.231279042905847,0,0,0,0.0183582665120432,0.094841890091952,0.362996128895789,"Part 2"
"MMR","Myanmar","East Asia & Pacific",456,0.51662928,0.24965513,0.53508973,0.110461149703087,0.105609203422356,0.0341202430603903,0,0.0173834167574816,0.063793233852962,0.229653040711621,0.147910916857148,0.0240802829543495,0.0821749512430206,0,0.00786717001893492,0.0374395610260116,0.00302203478339232,0.0548462139653112,0,0,0.00608034789048848,0.000752202816266776,0.0182780028914759,0,0,0.0076748301463698,0.00118873197083002,0.0476644648652957,0.36336962885645,"Part 2"
"SVK","Slovakia","Europe & Central Asia",461,0.31930435,0.60896319,0.39546692,0,0,0,0,0,0,0,0.0161304280702057,0.00960825170195469,0,0,0,0.014299789898066,0.030846828101934,0,0,0,0.0387547977351968,0.495123147013338,0.200556639093904,0,0,0,0.0563553247004913,0.138324765299509,0.366097476186731,"Part 2"
"MDA","Moldova","Europe & Central Asia",349,0.48782167,0.52838334,0.54723811,0,0,0,0.0016089,0,0,0.00227306496580853,0.0337614535347256,0.0326703606776734,0.00925721987274,0,0.00510237618862296,0.128679199281199,0.0851025302644452,0.0533626748102266,0,0,0.0856773520311597,0.194195730141264,0.18038511703274,0,0,0.0057925668504792,0.031041584209462,0.151089890819299,0.367666971387322,"Part 2"
"ALB","Albania","Europe & Central Asia",513,0.67156386,0.60168722,0.684484,0.00214015206198357,0,0.00263237803647579,0,0.00532934900255943,0,0.0214848132369948,0.0312525295443836,0.0454387516751692,0.0255720255434524,0.0108513585453095,0.0306657487775619,0.0594306687304075,0.150736055547505,0.0774712016907661,0.0081116987883578,0.0228269165593715,0.0131008377640978,0.107843707765615,0.226846003667308,0,0.005575421629547,0.0029430437121008,0.030541637129388,0.119205696104572,0.376057243920873,"Part 2"
"BGD","Bangladesh","South Asia",1604,0.54973644,0.41468585,0.56262404,0.206188797016051,0.0959110490407888,0.164144590441658,0.0103085955872393,0.040290301352189,0.0120059853014844,0.032033222199543,0.0438216425802114,0.00993321833170212,0.0147239906869146,0.0183751967314341,0.0185846164058262,0.118692976985462,0.0143154457834287,0.0903764088869565,0.00182221488443694,0.0006100543885698,0.0173344414357566,0.00179670984902465,0.0380506267998963,0.000213331354147892,0.000686982154845664,0.00590525441259398,0.00312619965483666,0.0407481533592974,0.377417563724099,"Part 2"
"COM","Comoros","Sub-Saharan Africa",636,0.41355965,0.60779375,0.41252431,0.484428947184933,0.125056917215882,0.0270095638541536,0.0572668371098177,0.099845452571291,0.0239688333372054,0.016813672296991,0.00609532270708773,0.00646892873762976,0.0417922992065032,0.011059026846122,0.0106425016049756,0.00235944972127459,0.00640190493988049,0.027768369596591,0.0116958886462798,0.00763134794568896,0.00139405098351183,0.0094572632506594,0.0109251244339938,0.00330698253548481,0.00261197111091954,0.000511360015197168,0.00159441287545029,0.00389358051062142,0.38006629601242,"Part 2"
"ISL","Iceland","Europe & Central Asia",248,0.50625581,0.7604709,0.56111628,0,0,0,0,0,0,0,0,0.003192286,0,0.00580491188635876,0,0.0363639077330298,0.0574069138308666,0.0667189292104594,0,0,0.0846894652277664,0.139100922551339,0.145380542220895,0,0,0.0383784417114543,0.134546091462681,0.288417568209891,0.391777550528584,"Part 2"
"BTN","Bhutan","South Asia",781,0.16194925,0.20999283,0.16194925,0.767077960921879,0.0862417048026807,0.0308270565660538,0.00945457733956176,0.0104702266431114,0.0517042663801351,0.0174401781397739,0.0075666628453164,0.00296635973839179,0.0111544214439217,0,0,0,0,0.001255355,0.00043955883651303,0.00050525173221273,0.00056778641829909,0.000315782348958324,0.00201288357950904,0,0,0,0,0,0.394962023744154,"Part 2"
"BIH","Bosnia","Europe & Central Asia",484,0.57588726,0.55369326,0.59314162,0.00263669756120312,0.00680944352327096,0,0.004003850781026,0,0.0046906568029755,0.0152259692547636,0.0551680260138612,0.0345095313419898,0.00873475966296234,0.00205395921238254,0.0118795034083766,0.11680490105701,0.131862877552446,0.100536539132922,0,0.00666418759098896,0.0390672898417371,0.180523033880582,0.173746937486723,0,0,0.00710841759276768,0.0202037429889708,0.0777696679471159,0.398537114011958,"Part 2"
"IND","India","South Asia",27662,0.56450731,0.42435765,0.57965142,0.212566003136818,0.102261880178566,0.0935933242281576,0.0458207607663991,0.0448004281776105,0.0275642948780206,0.0344582101558328,0.0388237542520587,0.0277457815991517,0.0342946491149362,0.0105598966119169,0.0133000566268032,0.0295336795266882,0.0189401195828346,0.0385124672083722,0.00792943445814852,0.00939655213600713,0.0208875090004932,0.0232678713963771,0.0600488411860209,0.00306635976696168,0.00433466920292805,0.0108768783909996,0.0126071761357521,0.0748093895684982,0.409595865388194,"Part 2"
"RWA","Rwanda","Sub-Saharan Africa",1154,0.37854978,0.48651403,0.38371256,0.36005369008525,0.102062545089,0.0447222522047625,0.019671999994575,0.0427457438409563,0.135477728167586,0.0933257754717616,0.0396259560030144,0.0311826728721628,0.047569549221384,0.00543345220395264,0.00259589204073024,0.00530785287896352,0.0078491208698784,0.0221224517388259,0.0042992456604195,0,0.0024282925224399,0.00179915936064891,0.0144619727553444,0.00178148460975156,0,0.000788702049007866,0.00299616674780808,0.0116982920927578,0.410677932405982,"Part 2"
"MNE","Montenegro","Europe & Central Asia",562,0.4785237,0.46009457,0.53294909,0,0.002348707,0,0,0,0.00242497657038937,0.0148174065574167,0.00237678870629765,0.0166954704155236,0.000503967339470387,0,0.0171458399616835,0.0295425355092478,0.0861650762528054,0.0243942398487402,0,0.00619782403616356,0.0292240730642643,0.314020460059678,0.246840421647329,0,0,0.00078290755232504,0.0528949343455442,0.153624395979615,0.412998068741976,"Part 2"
"CZE","Czech Republic","Europe & Central Asia",1291,0.25729784,0.60723272,0.34516382,0,0,0,0.000277053,0,0,0,0,0,0,0,0.0010943077475946,0.0073698098662401,0.0091810727390691,0,0,0.0013297387514905,0.0204083433390818,0.549398878418292,0.191335819227573,0,0,0.00033703482086,0.07489808381495,0.14436987521525,0.414039300261656,"Part 2"
"FJI","Fiji","East Asia & Pacific",584,0.57809711,0.61088648,0.57711416,0.00276190635820276,0.00575788156298677,0.00554989872128477,0.00733397518480586,0.00378195692086365,0.0164425483385581,0.0582379811964326,0.0842153272260478,0.095557758084635,0.0208064132275063,0.00481802056437204,0.0380825840829178,0.115319634302245,0.191594435771535,0.0589689036437964,0,0.0102151201794257,0.0297824873382201,0.135815961902997,0.0902438627078163,0,0,0,0.0114095688413671,0.0133037701586329,0.414682964158232,"Part 2"
"SLE","Sierra Leone","Sub-Saharan Africa",616,0.39079991,0.38629395,0.39744776,0.437211783321999,0.0229916578904065,0.145120067888725,0.0442189230981313,0.0281010969584419,0.00710322420541356,0.0021680468681508,0.00565154891314902,0.00252959470337286,0.00128652734739164,0.043260489218465,0.0074180963848163,0.043204092915692,0.070863359126153,0.037805064988038,0.001849919792922,0,0.00814822295216554,0.0259197999941388,0.0111162820378838,0.00337960563360736,0,0.00409007478301254,0.0187988474654297,0.0277636501445617,0.419203763524181,"Part 2"
"MOZ","Mozambique","Sub-Saharan Africa",442,0.36549616,0.41496384,0.3654843,0.522268364089805,0.0891770492304664,0.143501273975046,0.0399263514668813,0.0109509964028564,0.0201997106266606,0.0084714560239625,0.0131674032740503,0.0079572517586331,0.00240447721229288,0.0216979387769543,0.00438377134686151,0.0225419127692035,0.0185131038654205,0.0217164842189455,0.00878758103190657,0.00381735130663802,0.00292085011303327,0.0107039777170555,0.0131639624768231,0.00351037397545695,0,0.00289184668770915,0.002320573568544,0.00500594035642785,0.421819531041769,"Part 2"
"BEN","Benin","Sub-Saharan Africa",9161,0.25104588,0.25520426,0.26100504,0.672111922366296,0.0921018838795488,0.0475069691699294,0.0115920152898998,0.0335901752926466,0.0133625509388769,0.012767413086601,0.0119945528644251,0.00438250150369738,0.0132898047136504,0.00473625349632072,0.00837587897080704,0.00948392023256084,0.0035156722204498,0.0194592072165744,0.000884044232666496,0.00248618039600304,0.00226494930886488,0.00163253369783592,0.00662476447576944,0.00274378186505892,0.00259156420108191,0.0035779324890429,0.0019760323961844,0.0169474789651215,0.424456955405018,"Part 2"
"NPL","Nepal","South Asia",3799,0.44855255,0.38804787,0.45415226,0.325154101297966,0.0973115983655244,0.0433644980574803,0.0725171679275706,0.0359751919528778,0.0795644851251048,0.0491157701375208,0.0314311879422114,0.061196009185257,0.0342926101659066,0.00495248485160897,0.00603081470102267,0.00627089394174035,0.0147324772177835,0.00966424987133528,0.0130373597629656,0.00776440653657552,0.00787783065995556,0.0404581759814646,0.0389401694367534,0.00043384372717858,0.00017467916454181,0.00179266869062994,0.00322023907040051,0.0147270822455066,0.425073776973974,"Part 2"
"TJK","Tajikistan","Europe & Central Asia",541,0.50041467,0.76842438,0.50292552,0,0,0,0.008520395,0,0,0.00939838561920741,0.00639353655046961,0.0433882625412424,0.00924111379434915,0,0.00146652822497454,0.061891608905745,0.161772740970972,0.0688599498360606,0,0.0019090701471626,0.051952845877708,0.240080663647509,0.0691318696014715,0,0.00053768043878624,0.0253036881898942,0.104534002642968,0.135617663516226,0.430555372093862,"Part 2"
"PAK","Pakistan","South Asia",4504,0.4512451,0.42674655,0.47163135,0.360269009907408,0.0705585073200672,0.09003690098368,0.0350721570231564,0.0504868708299228,0.0224336889482531,0.0116576392316555,0.0204516470819394,0.00841677657816247,0.0217630940585926,0.0304696955578488,0.0150368550619003,0.0385179054238038,0.0241861751456508,0.0643135482932238,0.00647630621834808,0.00354712822020488,0.0088792289445158,0.00927457569274964,0.0312639242703288,0.00420539465278088,0.00216489134189441,0.00760602944260927,0.00783027912435156,0.0550817442841356,0.430936331407641,"Part 2"
"EST","Estonia","Europe & Central Asia",1062,0.35648572,0.61446664,0.48431841,0,0,0,0,0,0,0,0,0.001352827,0,0,0.00103769551698775,0.0224039031928747,0.0176309919439524,0.00434407252868518,0,0.0018933303512904,0.059467224901056,0.269641836717536,0.173022409542192,0,0,0.0178606179245269,0.143376981790982,0.287968144209868,0.431904963711154,"Part 2"
"SLV","El Salvador","Latin America & Caribbean",1669,0.44360128,0.55151933,0.44359845,0.390658114746837,0.140565860124984,0.050878479066953,0.10539953348882,0.0316650884624204,0.0166196353049281,0.0193659313935847,0.0181800533781724,0.0322352985615362,0.0151334723771225,0.00466538339564702,0.0018088452869906,0.00834949818307374,0.00942539535253074,0,0.0129427994347776,0.0187892303691906,0.00912901571830824,0.0511425347825856,0.021838439922822,0.00518345944381656,0.00239190933813967,0.00356662249752586,0.0117885895378722,0.0182768224710975,0.433749295792465,"Part 2"
"MDG","Madagascar","Sub-Saharan Africa",6766,0.43428177,0.34773815,0.43721825,0.407930620985375,0.100815341881974,0.128617468841976,0.0330165001822206,0.00487410730439115,0.0566042293318995,0.0251622331462935,0.0714876623129925,0.033821724060477,0.0056362034608821,0.00946530424616114,0.00747837627433165,0.0248061909408243,0.0272969161500339,0.0104619349452101,0.00201787472544919,0.00212364752606006,0.00522308183580159,0.0125933871034398,0.00880144171697101,0.000978539846790233,0.000154926709409829,0.00207510997449164,0.00616821789199966,0.012388942794966,0.436362455933762,"Part 2"
"TUV","Tuvalu","East Asia & Pacific",57,0.58395875,0.75246499,0.54958975,0.033014041745652,0.0153761072874948,0.149590045819368,0,0,0,0,0.238124663903876,0,0.0186829968665468,0,0.0186829950524739,0.249249268868253,0.0186829950524739,0.034400964878994,0,0,0.018682996,0.018682996,0,0,0,0.112097973736599,0,0.0747319818682995,0.438299672305014,"Part 2"
"BFA","Burkina Faso","Sub-Saharan Africa",914,0.20195985,0.22441292,0.20721659,0.729458245085833,0.0681697645653933,0.0978957850443654,0.0011544945652507,0.0043801033539747,0.0203201850028593,0.00622132295685824,0.00749382031340712,0,0.00459957572687536,0.0154654011824667,0.00797564223577674,0.0120018336868083,0,0.0102643854378756,0,0,0,0,0.006332291,0,0,0.0013407937865383,0,0.00692637146147665,0.438819652560485,"Part 2"
"KIR","Kiribati","East Asia & Pacific",197,0.61838967,0.73641416,0.57532513,0.0231910258138755,0.0117037767539154,0.0338304792150409,0.0231065278422363,0.0176101814693518,0.0109598585768978,0.101324417872061,0.0516191973705093,0.159227312920727,0.0364149225407127,0,0.022090064803744,0.0408658488882568,0.127182292419273,0.026434447391546,0,0.0307705659533554,0.0427258258189139,0.076499122434524,0.077487353518378,0,0.00622644303976514,0.0145284055566694,0.0554933047586067,0.0107086322971376,0.446176999275044,"Part 2"
"ROU","Romania","Europe & Central Asia",316,0.53595924,0.31117111,0.60967368,0.00891182332949868,0,0,0,0.00771064816917545,0.00415919871417482,0.0265414326725412,0.0266866630411076,0.0153511811357455,0,0.0058369271357067,0.0201882438592967,0.079297627223595,0.078679232339686,0.043723275818024,0,0.00415919891294974,0.0383363121626923,0.185755916935053,0.25887333029831,0,0,0,0.0171396562937345,0.178649326838889,0.449063671561601,"Part 2"
"SRB","Serbia","Europe & Central Asia",489,0.43710428,0.55323714,0.46193823,0,0.00739236669449415,0.00139999537270317,0.00220162882286277,0,0,0.0167658965392664,0.0200418543506691,0.0302637283803273,0.00173780686735583,0,0.0198399574596238,0.0800985417348872,0.111675883089259,0.0281614398742128,0,0.0106923392794386,0.0369020612508858,0.314948467217302,0.169274212252374,0,0,0.0105498669222977,0.0482646486036654,0.0897893140282254,0.456544604284569,"Part 2"
"PAN","Panama","Latin America & Caribbean",2545,0.55460554,0.507653,0.60498726,0.0541596378876,0.06181762664798,0.025760830619209,0.0229792636262875,0.00982449139346535,0.0140179095043059,0.0789518649175726,0.041774803568267,0.060172921603368,0.0471806840379592,0.0027949846221002,0.02742001106684,0.029362579846016,0.03973516392158,0.042385857284396,0.0036502556091066,0.0140689371113802,0.051570943152972,0.07190637226071,0.081578093648028,0.00019626746689498,0.00442711906757869,0.013918656598387,0.0285672060823307,0.17177753728262,0.461092837916529,"Part 2"
"CHN","China","East Asia & Pacific",5823,0.560808,0.51745716,0.56822503,0.0395867120782592,0.038243731223392,0.0476786897513216,0.0137856229453466,0.00995900400168064,0.0162017533100174,0.0603801927438008,0.109484648112283,0.036759044424492,0.0350264408937024,0.00696463640189604,0.0509482790074836,0.124453835553306,0.0687976883759052,0.0884172010009908,0.00262087610130654,0.0177393045962448,0.0579078075484062,0.0472212344736132,0.0932885648738736,0,0.000366954997834386,0.0014230432222057,0.00596036113752222,0.0267843744006946,0.465144017500991,"Part 2"
"PSE","Palestine","Middle East & North Africa",1071,0.53123695,0.62472653,0.53689039,0.0476017320438597,0.00577938758208614,0.106907705202143,0.0268886394312491,0.00873574965892616,0.016563590482316,0.0001121533311356,0.048776156401688,0.021602393472468,0.022178907732424,0.034732343348301,0.0037365164415593,0.159109831130145,0.088962022463136,0.051496231208267,0.0156380075536591,0.00079501553755148,0.0683846643597341,0.0737813466853925,0.095163769012067,0,0,0.0227619521337475,0.019892449627191,0.0603994482390615,0.465770061236905,"Part 3"
"MRT","Mauritania","Sub-Saharan Africa",1673,0.30540609,0.57333434,0.30767834,0.590205500957884,0.124888266628748,0.0638394268705732,0.00752631279106,0.0607070910574016,0.0197886939082331,0.0132427238467944,0.0127799068643855,0.00146392811046351,0.00650865478606828,0.0149828918051104,0.0086017175240696,0.0070525201902528,0.00170673425135352,0.0077122169902792,0.00325458051424555,0.00417092857158255,0.00219082668025205,0.0033815557246953,0.0060845037000485,0.0075965538527813,0.0074231451950305,0.0100154974273649,0.000414526346468065,0.0144613121384441,0.468900599524727,"Part 3"
"GIN","Guinea","Sub-Saharan Africa",874,0.30233687,0.38089657,0.32898852,0.530440775890613,0.040422949550541,0.110200903890489,0.00498977354092095,0.0514488204899066,0.0200957996500853,0.00304959801447725,0.0099269677201014,0.000115674401554072,0.00654611965085769,0.034302717627945,0.0039434458396307,0.0383408086637121,0.00345971612649845,0.0432727435920052,0.00229245656262936,0,0.00170356863209432,0,0.00443769114262496,0.00760296353810954,0.00215049238845857,0.0174720932265814,0.00961674933055276,0.0541671698803356,0.469985768780889,"Part 3"
"LKA","Sri Lanka","South Asia",570,0.54505783,0.59305239,0.54027772,0.0203599336852117,0.0189961965653663,0.014649374495661,0.00380247760060893,0,0.0104985649624857,0.02948516494223,0.110637465482637,0.073226910122593,0.00941654518984825,0,0.0136005223317224,0.153737647945111,0.211219106560594,0.0383122494156156,0.001025050777035,0.0075900685747746,0.030824007319209,0.177735516455892,0.052714061731086,0,0,0.00696867867317072,0.00789714657597164,0.00730332308578317,0.472827483651452,"Part 3"
"HUN","Hungary","Europe & Central Asia",685,0.33312333,0.39825225,0.40208772,0,0,0.005798117,0,0,0,0.00800878927855336,0.0227248687214466,0,0,0.00260296837841362,0.00373219985314722,0.0616399643038144,0.0518263206864858,0.00523913065439694,0,0,0.0463421348892482,0.419031240791839,0.184834490014339,0,0,0,0.0565549875470448,0.131664808099549,0.476064623914113,"Part 3"
"ETH","Ethiopia","Sub-Saharan Africa",3345,0.27895001,0.32231504,0.28170598,0.56876603414234,0.0541417429419585,0.0773929303341195,0.0403083344987473,0.0234828149596619,0.07939162580037,0.01851987716124,0.02918081926578,0.017666363700726,0.0142872134357004,0.00743923179843228,0.00262019963124652,0.0124294589007336,0.00772910067721176,0.00506917330996032,0.00174325176409749,0.00189911043275102,0.00717274747047248,0.0131967360565424,0.00664621852140112,0,6.7455188260745e-05,0.00170632277499396,0.0033419990406401,0.00580125394152004,0.47851784399287,"Part 3"
"KEN","Kenya","Sub-Saharan Africa",1654,0.42056,0.65971959,0.43945557,0.0394426634290053,0.0543931092024633,0.0142202824051548,0.0401723181109973,0.00685891731764117,0.0285354469568915,0.0811567494803988,0.0220609986427137,0.106723328081324,0.0203201078738588,0,0,0,0,0,0.0148965293734299,0.0684488742336923,0.0292370036020263,0.197963139051142,0.0688889271546195,0.0017353998196542,0.00845052548348862,0.00393195543450444,0.0867461378615622,0.105817560780746,0.479012087628509,"Part 3"
"BGR","Bulgaria","Europe & Central Asia",445,0.35572064,0.42544472,0.42954138,0.00983984820274638,0.00956792918301444,0.00795415161423918,0,0,0,0.00311610150436865,0.0125462976702559,0.00294430745324128,0,0,0.0113975494281907,0.0849215001135744,0.0865811116561536,0.00623711596502208,0,0.00644634324910121,0.0197935041853631,0.339360694271417,0.136358188294119,0,0,0,0.0955830886901081,0.167352281309892,0.484128839442727,"Part 3"
"NER","Niger","Sub-Saharan Africa",2772,0.33718723,0.4790954,0.33946696,0.545862605159431,0.263779540082161,0.0415994346814106,0.00425415489220764,0.00234740373871032,0.0297904153408381,0.0508485216307479,0.0126890481781702,0.00258569250083498,0.00177854168864098,0.00762638655324538,0.00932017515097888,0.0093396441072157,0.00113370131022116,0.00201028643688597,0.000342692211979305,0.00081379251441725,0.00186704603448392,0.00202647302067965,0.00247850718079732,0,0.000666400779924476,0.00123029556758525,0.00079857488641518,0.00481061567600445,0.485961621125041,"Part 3"
"AGO","Angola","Sub-Saharan Africa",476,0.50106752,0.35959595,0.50164425,0.274524431323796,0.0407575140850075,0.0195786066088355,0.0423436127963592,0.0739587051860022,0.02030744386176,0.0164496124946912,0.00345601927777392,0.0301249687061312,0.0348905938707568,0.0179699633036859,0.0213407529692721,0.020487347351016,0.0347135222393661,0.0550756426407876,0.011621686975059,0.00802829893687232,0.00495708506508296,0.0387586873567536,0.101405207762758,0.0057871096730817,0.009905015312811,0.0034977466732921,0.044720544344862,0.065339888648964,0.486357283311985,"Part 3"
"SLB","Solomons","East Asia & Pacific",521,0.54411501,0.46721405,0.54668093,0.134740672458138,0.0718840210261444,0.0554076080850226,0.0375736057420524,0.0224167117225747,0.061865003081052,0.0871275087598896,0.055978232661522,0.0635660777113164,0.0627809044125744,0.0216321732647896,0.0237321116930024,0.0231903872369252,0.031427591721524,0.0260708160837588,0.0112085356728703,0.020901743792965,0.0161310268994249,0.034463159759114,0.092073231428738,0.001524388545068,0.000868561375442334,0.00760312721790386,0.00833068232273028,0.0275021266763422,0.4871314654358,"Part 3"
"NGA","Nigeria","Sub-Saharan Africa",3629,0.46238634,0.44342589,0.50331533,0.109741918702896,0.057805019128926,0.018291253417875,0.053709034541778,0.028866978234738,0.0893509071584532,0.0792710489548302,0.0234558862971553,0.0711304923907929,0.041049773981736,0.00253414711403933,0.00727676329833086,0.00608030348502757,0.0183607795901457,0.0120166637900684,0.0040008128632684,0.0159659495117642,0.0145852601486823,0.119202374102178,0.0606344372331063,0.0009146060010288,0.0042627784465647,0.00419786824105863,0.0392999341163778,0.117995004361661,0.495975957469795,"Part 3"
"HND","Honduras","Latin America & Caribbean",1974,0.45162645,0.44900709,0.44763783,0.304174463805591,0.217527652852675,0.0500060205948618,0.0442078413759184,0.00394085632980904,0.0400087542739918,0.1157967425878,0.0357122310141094,0.0571003186503216,0.011033282954475,0.00506601068114295,0.00847048972976325,0.00741963623491692,0.0101533623696383,0.00246402032027382,0.00310358489493192,0.0158303944133254,0.0101877083315933,0.0290114442593898,0.0118180743805644,0.000682081336795995,0.00142975663619963,0.00231964232000945,0.0088614750820332,0.00367414938742225,0.501258891940901,"Part 3"
"BDI","Burundi","Sub-Saharan Africa",2159,0.13548103,0.46193045,0.13802944,0.762260836774991,0.0447377662506241,0.0426000855880706,0.0129897255856385,0.00915329492893368,0.0688713775434498,0.00796548268687816,0.0112988627280685,0.00159988257567534,0.00534210075452944,0.00807537650286316,0.00308009546388062,0.00724819043044378,0.00111546143484461,0.00497026243735108,0,0,0.0020379431001728,0.0004532449584875,0.00096424604500272,0,0.000209739507077937,0.00176828230672678,0,0.00325775917048794,0.508191736095426,"Part 3"
"LSO","Lesotho","Sub-Saharan Africa",308,0.49037966,0.37884933,0.5049293,0.0450879359369355,0.0406503934034382,0.00841146587201709,0.0140317351121538,0,0.09902156040972,0.178590617583768,0.0942318878852208,0.0884490198301944,0.0469284439283057,0.0103468218507722,0.0398346579261465,0.0680279371457934,0.0618129545180469,0.061915412752734,0.0027312408702618,0,0.0057728264818224,0.024548116435128,0.039636018466122,0.00848005483482315,0,0.00267738509808195,0.0099515575232565,0.048861968243548,0.512083509226407,"Part 3"
"DOM","Dominicana","Latin America & Caribbean",1571,0.54526067,0.71264574,0.52381045,0.150301981352159,0.106461983288052,0.0478378048744975,0.156229726950866,0.0368366820414208,0.019699059598572,0.026189381445673,0.022701544394095,0.058139533502392,0.0089365799739392,0.01929722531755,0.022487106664828,0.014002037430745,0.027436867075265,0.00960566536819,0.0146252644786079,0.0186058402433525,0.0246804689417076,0.108440590474597,0.0274159456679673,0.00380147444724209,0.00703399091133667,0.00893753090001189,0.0380876214081581,0.0222080895734574,0.513375278999597,"Part 3"
"AFG","Afghanistan","South Asia",3956,0.33637598,0.47415793,0.34168968,0.446319955885353,0.0143596721011876,0.10026809643662,0.0743115992660608,0.0308654369769032,0.0116311627874249,0.00188724088410886,0.0147690801557988,0.00754896362435787,0.0081247769550687,0.020877189199622,0.00230061135815107,0.0142289247493809,0.0157543023983832,0.00536721294329336,0.029902665512712,0.00520477000957088,0.0320659256561397,0.0575733944309164,0.0439044347279634,0.00312603153634278,0.00205232496219578,0.00285925573764771,0.0282808787988389,0.0264160902121598,0.526974109684808,"Part 3"
"GHA","Ghana","Sub-Saharan Africa",8583,0.43377489,0.4743619,0.43980247,0.219758302891875,0.0655831263628125,0.091671977795625,0.0381038842457187,0.017601461733,0.0106258209764704,0.0130493016806628,0.0211112097157494,0.009932449842419,0.00354750529962182,0.0363418476031236,0.0453409246372214,0.157612536462298,0.0936974383969602,0.0431762825242282,0.00310377938032852,0.00381207756767607,0.0185794920732156,0.0248566425250626,0.0239582539802655,0.00113112677663386,0.00239110143165799,0.00717613935395088,0.0164184281065166,0.0314188918044194,0.528290931567125,"Part 3"
"XKX","Kosovo","Europe & Central Asia",652,0.54367125,0.60902515,0.54322231,0.00240341030629425,0.0176362720149924,0.00321628342968405,0.00178716745260487,0.0055880945622051,0.0076799111253074,0.0447555526039962,0.0271143638690512,0.0634963814547246,0.0245075292713832,0.031491688833567,0.0382805565010455,0.034555681311279,0.124335406343956,0.0366523143569955,0.00536845285266156,0.0212950900184126,0.0382623708079116,0.165112706027171,0.159366530558714,0.00172176270402318,0.00881185076096052,0.00708661310308406,0.049952057131795,0.0795219330640644,0.529193365435594,"Part 3"
"GNB","Guinea-Bissau","Sub-Saharan Africa",444,0.25676331,0.35876775,0.26362976,0.617680161624525,0.0997100017816536,0.015712116295073,0.0596768171768575,0.0110480666912733,0.0197613293332338,0.013831047860001,0,0.00817510790330782,0.0062684714230978,0.00897661566365696,0.00621920189822976,0.0039118116770304,0.0105317672633958,0.00706997949768704,0.0116354916828922,0.00482886434940721,0.00235665987673248,0.0213922189319417,0.0272938149438996,0.00892734655850916,0.00862513112893423,0.00195590581000963,0.00626847119879487,0.0181436138206269,0.534773813042581,"Part 3"
"AZE","Azerbaijan","Europe & Central Asia",592,0.2347987,0.58821872,0.33496487,0,0,0,0,0,0,0,0,0.0025148235008325,0.0044410467078436,0,0.00214553294319,0.0877890545447174,0.0445708536592816,0.0143813364706225,0,0.00244023989941725,0.058145890402642,0.373613473246048,0.094920238515095,0,0,0.0231877947922296,0.11771313436427,0.174136556748013,0.536062715322353,"Part 3"
"URY","Uruguay","Latin America & Caribbean",1595,0.51599729,0.55924404,0.50846398,0.00626959242233955,0.0282131669368916,0.0257053285098994,0.00940438874071935,0.00188087774814387,0.010031348131091,0.09404388520821,0.193730418175308,0.06520376191322,0.0125391858210738,0.00188087768782017,0.0238244515692331,0.121630092878202,0.0871473348397431,0.022570532253842,0.0006269591595267,0.0081504699415587,0.086520378331926,0.092789969927193,0.028840126110642,0.000626959266920436,0,0.00940438900380654,0.0357366785304523,0.0332288416207643,0.536884336713493,"Part 3"
"LAO","Laos","East Asia & Pacific",475,0.48793235,0.60731846,0.48354048,0.191587193076499,0.149982770259211,0.0378361238523239,0.0229241974243684,0.0472789407829086,0.0407270280577379,0.0957699590416306,0.0395611020339915,0.0389808165076909,0.0380315668896538,0.0153964892452826,0.0123936472965305,0.0294529658218705,0.0250180891993123,0.024002241624907,0.002964039207792,0.02414792562448,0.0287143601568,0.03545391883968,0.03052775361328,0,0.0252254813767582,0.00446458825048736,0.010161905703742,0.0293968867687772,0.539686169604642,"Part 3"
"TGO","Togo","Sub-Saharan Africa",1363,0.36276931,0.42217684,0.36520979,0.445880605845693,0.156199199750401,0.0538729288835047,0.015805638158786,0.0212432042916308,0.0336276912211512,0.0494571270736548,0.0364610111812104,0.0148212559991304,0.0128982333467306,0.0122793908449481,0.0244064067922826,0.018177016327717,0.012849591634851,0.0182110274002014,0.00503463993616388,0.00959036407496277,0.0112218666847791,0.00445321684645739,0.00725524945763688,0.0005843696074384,0.00471181988954,0.0102221948334736,0.0051434870262248,0.0155924479182368,0.543668902989284,"Part 3"
"MWI","Malawi","Sub-Saharan Africa",2327,0.36630061,0.62891507,0.36481896,0.415568183952148,0.127788793676599,0.146493431580634,0.027690984383111,0.00364633732195107,0.0057272478332494,0.0069882569478072,0.00983698877269672,0.0027141234808487,0.000262828556926844,0.0475619151049504,0.0303431693477616,0.0544711639813,0.0301729599416872,0.00328063427757824,0.00948442188263031,0.00719445389814575,0.0242112897834123,0.0241153002872885,0.00976959901789971,0,6.0372437604039e-05,0.00181304642363853,0.00764226449487198,0.00316227801154632,0.548788662809203,"Part 3"
"UZB","Uzbekistan","Europe & Central Asia",601,0.20151471,0.78333092,0.2344382,0,0,0,0.003366334,0,0,0,0.008629653,0,0,0,0.00201349200698892,0.026330734288444,0.0604939822369434,0.00742135643021932,0,0,0.0869545004058372,0.441190752516146,0.0605306011912586,0,0,0.0336600815055792,0.175412217856862,0.0939962776068732,0.551126211734331,"Part 3"
"STP","Sao Tome and Principe","Sub-Saharan Africa",189,0.42155161,0.76667002,0.40286699,0.276277153842344,0.10247139562669,0.245097623568089,0.00144625457233782,0.00280743553103808,0.0336466885547716,0.0122931648673272,0.0108469104632517,0.0127185331146494,0,0.0747798685802644,0.0549151355256868,0.0977497970916992,0.0147603044426576,0,0,0.0031477308434463,0,0,0.0127185338392284,0,0,0.044323452,0,0,0.554646551935033,"Part 3"
"NIC","Nicaragua","Latin America & Caribbean",1726,0.44274876,0.59430242,0.43479487,0.301517763651468,0.0934538202218264,0.107992462854856,0.0624156148074382,0.0213058708374998,0.0387462973078989,0.0339585731496334,0.04209862925554,0.0358371202216412,0.0109378715194929,0.0145475581246451,0.00744127718860979,0.028870853420487,0.018894113151047,0.0101816227546944,0.016853223852036,0.011618566331493,0.026820105469473,0.043495862441655,0.01310954078637,0.00555693423426813,0.00683805819269725,0.00905085404549602,0.0198891772543486,0.0185682026741577,0.565862727086256,"Part 3"
"COD","Congo-Kinshasa","Sub-Saharan Africa",13688,0.41236931,0.51893657,0.41493925,0.313106600318233,0.12485492862861,0.045039204419671,0.0609985785029632,0.0294128709975837,0.0596136513603015,0.049962142789515,0.0194677134158925,0.0407844185380335,0.0186829225766816,0.0166627992060153,0.0191637412339673,0.00951505885930952,0.0166579783813475,0.00840826172751712,0.0138629298163748,0.022009772446991,0.0121968428947617,0.0332307330859182,0.0211809127807662,0.00523864858719757,0.00847556163620736,0.00555369603924851,0.0164685739024525,0.0294514878348941,0.582597718737649,"Part 3"
"NAM","Namibia","Sub-Saharan Africa",459,0.37653607,0.56195807,0.40852162,0.0990046439529021,0.0259610503811984,0.185615807608836,0.00059723801921196,0.0149021526464987,0.0218030585426656,0.00951173293017336,0.0464772325337295,0,0.00555900490965575,0.043876737921312,0.0252515920480088,0.306533421255956,0.00352289210476896,0.026964104485491,0.00453124431713602,0,0.0138514218479767,0.00333818719677872,0.00910195971342416,0,0,0.0637763136988631,0,0.0898201916932416,0.584573780009565,"Part 3"
"CIV","Ivory Coast","Sub-Saharan Africa",1085,0.38623399,0.40516758,0.39572561,0.3106400089848,0.118265586954029,0.031898296250496,0.005761712785329,0.0485122937816698,0.0530568874775364,0.0868124729094912,0.0281923794973896,0.00830580621509736,0.0318700151499108,0.00863655660487144,0.0511930773568998,0.0301807003883896,0.0145428634121127,0.0384882305212293,0.0061172818462448,0.0272586821069472,0.0182325559407488,0.00925175393306976,0.0526024470806912,0.000843530090603824,0,0.0014663313785736,0.000584580639505104,0.0172859899720392,0.586544681649902,"Part 3"
"TCD","Chad","Sub-Saharan Africa",517,0.1183427,0.45874804,0.12819883,0.759988620914992,0.0257097883389464,0.032445656878067,0.0068078803725336,0.0162586736845154,0.0232841325042563,0.00230430718824957,0.00548721786672648,0.000986254032209112,0.00373690179997866,0.0448053532333068,0.00290431381062583,0.0158163294961765,0.00299849181766135,0.00913137592837923,0.00926677940532806,0.0032616115885573,0.00234351554061629,0.00234031339013879,0.0127211342549597,0.0018363343947642,0.00097278128930106,0.0026768086937844,0,0.0119154552219186,0.58924213098073,"Part 3"
"ARM","Armenia","Europe & Central Asia",426,0.26153105,0.5177435,0.38196984,0,0,0,0.003102497,0,0,0.0216727436821191,0,0.00198161868362313,0.00897193264567284,0,0,0.043326702772644,0.0131161555361285,0.00720816732773775,0,0.0158971266883955,0.117695716579527,0.247335392073554,0.123546284154049,0,0.0114460293701056,0.0324523824298884,0.128204056693792,0.224043194375592,0.596645862661804,"Part 3"
"IRQ","Iraq","Middle East & North Africa",25502,0.40826651,0.50968778,0.42759636,0.292967226619839,0.145193473133802,0.034939518951641,0.0140535518832884,0.0507038301685817,0.0570801357950572,0.070500497940196,0.0195402099151812,0.0108582511072932,0.0314625414534396,0.0173389305056392,0.026592131799818,0.0162781701775288,0.00688711327197884,0.02461193452016,0.00881607437631984,0.0157422396366628,0.00947840127830162,0.00587016957138354,0.0209816772591093,0.00798422461167631,0.0222387450395314,0.0127346403970429,0.0087820567501159,0.068364238517581,0.599741403485509,"Part 3"
"CMR","Cameroon","Sub-Saharan Africa",591,0.36799231,0.40367115,0.38426644,0.263400712231815,0.121810123628483,0.0305970287092504,0.00864395657489924,0.0122253936154258,0.0689194275834048,0.179283404042906,0.0362065687862541,0.0154094659098676,0.0533086994400363,0.00827239542405294,0.0232638545842733,0.0272116900417747,0.00366400554770853,0.0361291573036494,0.00804533065511552,0.0116680515367489,0.00671906353171222,0.00459806882588765,0.0321658407776592,0,0.00755507615243256,0.00579016104019848,0.00100631133661781,0.0341062160522443,0.601139505119363,"Part 3"
"CRI","Costa Rica","Latin America & Caribbean",1681,0.47803369,0.64357972,0.47252476,0.081439173906944,0.0821384374261248,0.0411633221357568,0.0338703197876288,0.0196025039031942,0.0498743829288999,0.14096219457963,0.0631146780152868,0.0803723889901962,0.0416716654859868,0.011867503108016,0.0166803093225205,0.029702608127759,0.0303138568512044,0.0148587515562698,0.014860105127325,0.030942706316175,0.0333240606966,0.06603552104955,0.02854510681035,0.00416499973122194,0.0071399995899007,0.00951999951230788,0.0309616619217197,0.0368737509788685,0.603225347308029,"Part 3"
"SEN","Senegal","Sub-Saharan Africa",1086,0.22589564,0.40216303,0.23954608,0.597360076883152,0.0481425618600725,0.0695299659271324,0.0073884336866253,0.0209053264397338,0.0304789834112904,0.0067328745497678,0.0142461181901008,0.000286023664276959,0.0107106586224721,0.0318296535890163,0.0148708683106377,0.0286876082514156,0.00633382938719091,0.0296617096820538,0.0144301419805275,0.00161737423610288,0.00801153617882625,0.0107627957327925,0.0101342762873212,0.00724198212580068,0.000430467918268236,0.00679226864069412,0.00120727944796883,0.0222071601703014,0.607545073049655,"Part 3"
"MLI","Mali","Sub-Saharan Africa",3893,0.14724487,0.28935844,0.1545558,0.717467618659746,0.0312901903454592,0.021273370785541,0.0194455614741795,0.0141989840049133,0.0407753221818116,0.00982594307659932,0.0083078573163894,0.00596345107063781,0.00506518379505983,0.0195275778360656,0.00164111664818282,0.00601669606349304,0.0155393996875398,0.00562828547460024,0.0110961379312553,0.0061916892581368,0.0059133310545716,0.0145821230056876,0.0171279476521241,0.002616558696556,0.00020625175029428,0.00273659802635538,0.00684726487354778,0.0107155646532466,0.610067212922949,"Part 3"
"UGA","Uganda","Sub-Saharan Africa",1020,0.37917182,0.56127682,0.39483696,0.286138142472687,0.145834891259735,0.0436002686919037,0.0138849712602606,0.0167401408711992,0.0901952115024025,0.0964471562382224,0.0496827896533579,0.0138956397759377,0.0339317722617744,0.028197951660417,0.035302241222157,0.019082693649411,0.0036017837654778,0.024491628153069,0.00367205230012968,0.0103101064468006,0.00667644593599152,0.00210675445126841,0.00742920919795008,0.00359872427110244,0.00700451018379961,0.0126700115462079,0.00376106500234426,0.0417438744834257,0.618130394600001,"Part 3"
"TON","Tonga","East Asia & Pacific",239,0.29052854,0.72604746,0.28601035,0,0.00224818908163544,0.0116156427797262,0,0,0.0116156431276995,0.0281948780387949,0.122327385116336,0.00864118713275125,0,0.0306697385252047,0.0752125599242082,0.489901672631279,0.0942250215525156,0.0318956039705981,0,0.00785015773780119,0.0122678955815123,0.0182121822025121,0.00501910547817434,0,0,0.0254748479736261,0.0145900982302949,0.0100382102929843,0.639580235971821,"Part 3"
"PHL","Philippines","East Asia & Pacific",8252,0.40693766,0.85081108,0.39633238,0.0369016536373704,0.028224047442258,0.00393850965140316,0.02962197169002,0.00897938027058744,0.0391109100485332,0.133564517601979,0.00868144506939784,0.0997801663079698,0.0540726282904429,0.00636540865255571,0.0130068414038271,0.00236612403531265,0.0176494660350878,0.00992137410594703,0.0329698038448373,0.109875034587379,0.0089737805123796,0.114169969082614,0.0803628578607648,0.0115135168109503,0.0638849226227382,0.00348617192381172,0.0274789942571304,0.0551005387449012,0.650875958010231,"Part 3"
"PNG","Papua New Guinea","East Asia & Pacific",622,0.42350334,0.63125291,0.41598329,0.128920618852103,0.0595209539282606,0.053037702965669,0.0019029371624528,0.032940812617975,0.106150948518055,0.0998925141122004,0.0869139693214472,0.0054311789260604,0.0503303291222374,0.0224715662763744,0.064788063751776,0.08612919037496,0.0438503452938,0.061267233189064,0.00316382380367971,0.0113852533366668,0.00669353008639095,0.0230690388851023,0.0108004331637206,0.000511844100575344,0.0069576832941895,0.0149944341548213,0.00888819544567982,0.0099873883433013,0.66395172298276,"Part 3"
"SSD","South Sudan","Sub-Saharan Africa",343,0.050492443,0.64339358,0.049944721,0.845928050783344,0.0145607547970303,0.027279649080259,0,0.00103637400805035,0.0138381884532,0.00134400304578766,0,0,0,0.0417943907280366,0.00367487562306469,0.0200242251145486,0,0.00558999574276939,0.0117220475778945,0,0.00088189313315261,0,0.0014779494156899,0.00134400315048389,0.00074455191700838,0.00875904760707964,0,0,0.682248251601698,"Part 3"
"TZA","Tanzania","Sub-Saharan Africa",3066,0.30697292,0.56778157,0.30759165,0.16114560694906,0.173944878285713,0.019544284758739,0.0015137750628326,0.0016835563749838,0.113931527952724,0.305327622709666,0.062205559473265,0.0062816147258904,0.0173433791791722,0.00290554859296098,0.0107509897491574,0.00476660938551318,0.00195564056679724,0.00491293083202983,0.00484195182766813,0.0350912712366272,0.0251244702767113,0.00390490194316505,0.00640887156508536,0.000634964070843153,0.0104977043802573,0.00960877910098062,0.00387641172525658,0.0117971469579472,0.703731874644627,"Part 3"
"SWZ","Eswatini","Sub-Saharan Africa",191,0.37577716,0.61908165,0.38148612,0.135621362351058,0.0902181349602936,0.137641289437997,0,0.00249443263737073,0.0191234641769674,0.0162801712445398,0.0478743364225389,0,0.003081542342404,0.0579875650677048,0.0454030615916856,0.207574890250983,0.0292396931617762,0.0134764670983967,0.00331595965125247,0,0.0758725355319836,0.00324290524455897,0.0157515641067915,0.00641644911565393,0,0.0323242206522875,0.015351276073418,0.0417086559250455,0.707577258299088,"Part 3"
"GAB","Gabon","Sub-Saharan Africa",2381,0.40400162,0.58970076,0.41199198,0.147897239414616,0.0697392895809708,0.0425600947430008,0.0192387452557314,0.0189362760779993,0.0493004251064028,0.0581799316994492,0.0267581210534212,0.00885544747929256,0.0214308340033352,0.0457716997179372,0.0673390038660984,0.0642354787959156,0.043950988340232,0.0604677492798168,0.01170836894697,0.0109557318574137,0.0130858549277454,0.00995201985308588,0.0123666758340984,0.0261479971438854,0.0240821993033468,0.0311868139745402,0.028165246832502,0.0876877588003252,0.708202090070871,"Part 3"
"COG","Congo-Brazzaville","Sub-Saharan Africa",580,0.35377946,0.40307128,0.38244718,0.0902173925121157,0.00940854224744886,0.0476346756260549,0.00228994152705062,0.00488111237335813,0.0244939807685422,0.00918524202136896,0.0417015092170287,0.00573234660646558,0.00652513398438311,0.0478145168095124,0.031753456033264,0.168000472101279,0.0324518276244837,0.0769768042144049,0.00553452457363865,0.0028609281038095,0.0828185473975895,0.017648134009751,0.035357714328793,0.0120326818594636,0.00102807556501923,0.0924758612494704,0.0316890098024409,0.119487582037032,0.722109154267243,"Part 3"
"VUT","Vanuatu","East Asia & Pacific",475,0.36555457,0.59778416,0.35419515,0.0764059084232625,0.0923546150585163,0.027230858037612,0.0119652009994424,0.00197210769109551,0.0451091079543088,0.286569504955384,0.114787181557114,0.0264520013605781,0.0176378653426129,0.00916035967068206,0.042157223698205,0.0702307664093766,0.0275895303060432,0.020247661440163,0.00357041572711162,0.0238125634907627,0.0178690964255422,0.0221411643567556,0.00375731550177409,0,0.011544858847581,0.0188523165456295,0.0183815337119638,0.010200817484621,0.724536918841713,"Part 3"
"LBR","Liberia","Sub-Saharan Africa",2169,0.2915253,0.63086256,0.28157359,0.327363997346601,0.057702330732989,0.0408147351323801,0.0618588830969246,0.0175434721752555,0.0352923048731941,0.0129583816027137,0.0100626543524186,0.0154821059923801,0.00258129824856802,0.0475772641756464,0.0147474817150336,0.01725591496148,0.0198742926921136,0.00590328392712864,0.0482131609819264,0.0259335576557952,0.031293092885872,0.0487504497720896,0.0189287769731264,0.0239088423051192,0.0173757870661518,0.0216656842883052,0.0460904838469218,0.030821782493502,0.781732228117481,"Part 3"
"ZMB","Zambia","Sub-Saharan Africa",2596,0.23806834,0.58236146,0.23281777,0.13467081798268,0.0360975746416318,0.02906794529466,0.0167278830522825,0.00115852273003208,0.162339149640177,0.038499034962344,0.037356282784171,0.021682741689682,0.0003578851984538,0.140347827644573,0.0277044171303514,0.0486042812729988,0.0613873423363054,0.00277039161577116,0.0405403372285912,0.0102073110227228,0.0155144671018008,0.0581407396525984,0.00478970615701984,0.0327025026765656,0.00293855625855816,0.0116941974060592,0.0432785797465524,0.0214214825678408,0.970308070533885,"Part 3"
"CAF","Central African","Sub-Saharan Africa",266,0.13814427,0.53192332,0.1638498,0.317110561823177,0.0283455727527718,0.035306609717332,0,0.00271362420242802,0.115977934849734,0.0346282036620009,0.0235672349717322,0,0,0.156387341589052,0.0545084536265759,0.0617054574640621,0.0022121936357888,0.0157508190354934,0.0122997967047101,0.00303807916109063,0.0169306559165104,0.0126242520329206,0.0179630120647494,0.00932070834568896,0.00755095423702996,0.0340677805314917,0,0.0379907371961159,1,"Part 3"
